id, firstName, surname, username, Role, LastDesk, SecQuestion, SecAns, password, admin, Active
1, homy, ash, test, manager, 0, What is your Mothers Name?, rmit, abcd, true, true
2, aidan, McG, aidan, student, 3, "What is your Dad's Name?, dad, aidan, true, true
13, Aidan, McGinnisss, aa, employee, 0, What is your Mothers Name?, aa, aa, false, true
26, julia, jj, julia, employee, 0, What is your Mothers Name?, dad, julia, true, true
27, Julia, McG, julia01, jbkb, 3, "What is your Dad's Name?, dad, julia, true, true
29, julia, j, julia02, user, 4, "What is your Dad's Name?, dad, julia02, false, true
30, julia03, jj, julia03, user, 0, What is your Mothers Name?, mum, julia, false, true
31, julia04, jj, julia04, user, 0, What is your Mothers Name?, mum, julia, false, true
32, julia05, jj, julia05, user, 0, What is your Mothers Name?, mum, julia, false, true
33, julia06, jj, julia06, user, 8, What is your Mothers Name?, mum, julia, false, true
34, julia07, jj, julia07, user, 0, What is your Mothers Name?, mum, julia, false, true
35, julia08, jj, julia08, user, 0, What is your Mothers Name?, mum, julia, false, true
36, julia09, jj, julia09, user, 0, "What is your Dad's Name?, dad, julia, false, true
37, klwnkasje, fdsfnjdfsnkdd, abcdefg, student, 7, What is your Mothers Name?, mum, abcd, false, true
